qwk,mae,macro_f1,balanced_accuracy,accuracy,exact_or_adjacent,severe_recall,severe_precision,severe_f1,severe_missed,non_severe_progressed,recall_1,recall_2,recall_3,recall_4,recall_5,recall_6,severe_roc_auc,severe_pr_auc,severe_brier,log_loss,fold,repeat,model
0.930408,0.296875,0.675734,0.678124,0.709375,0.99375,0.895833,0.851485,0.873096,10,15,0.888889,0.721519,0.59375,0.583333,0.71875,0.5625,0.980887,0.959084,0.0533543,0.688739,0,0,logistic
0.943991,0.240625,0.724857,0.722163,0.7625,0.996875,0.958333,0.938776,0.948454,4,6,0.925926,0.75641,0.692308,0.708333,0.6875,0.5625,0.992374,0.985571,0.0282459,0.588368,1,0,logistic
0.937306,0.284375,0.701196,0.713879,0.715625,1,0.927083,0.89,0.908163,7,11,0.876543,0.641026,0.661538,0.666667,0.625,0.8125,0.991629,0.980839,0.0347232,0.663265,2,0,logistic
0.939132,0.259375,0.724095,0.732978,0.746875,0.99375,0.9375,0.891089,0.913706,6,11,0.9,0.683544,0.692308,0.765957,0.606061,0.75,0.989118,0.974317,0.0385576,0.645797,3,0,logistic
0.929039,0.3125,0.662928,0.66408,0.6875,1,0.865979,0.903226,0.884211,13,9,0.85,0.658228,0.65625,0.659574,0.454545,0.705882,0.984975,0.970726,0.0440908,0.639341,4,0,logistic
0.933426,0.28125,0.690205,0.696317,0.728125,0.990625,0.875,0.903226,0.888889,12,9,0.925926,0.658228,0.75,0.5625,0.65625,0.625,0.983026,0.965239,0.0499069,0.68625,0,1,logistic
0.935575,0.278125,0.72614,0.730359,0.725,0.996875,0.916667,0.871287,0.893401,8,13,0.876543,0.692308,0.615385,0.666667,0.65625,0.875,0.985445,0.96576,0.04484,0.638253,1,1,logistic
0.937522,0.265625,0.719565,0.715481,0.7375,0.996875,0.947917,0.90099,0.923858,5,10,0.864198,0.705128,0.692308,0.75,0.59375,0.6875,0.990188,0.97689,0.0354234,0.668624,2,1,logistic
0.929522,0.2875,0.693571,0.685797,0.71875,0.99375,0.84375,0.920455,0.880435,15,7,0.875,0.683544,0.738462,0.617021,0.575758,0.625,0.985026,0.971603,0.042706,0.684371,3,1,logistic
0.938868,0.26875,0.711933,0.720946,0.7375,0.99375,0.958763,0.845455,0.898551,4,17,0.9125,0.797468,0.578125,0.638298,0.575758,0.823529,0.991216,0.982443,0.0400664,0.64512,4,1,logistic
0.94101,0.25625,0.735272,0.734945,0.74375,1,0.927083,0.936842,0.931937,7,6,0.851852,0.708861,0.703125,0.708333,0.6875,0.75,0.993257,0.985139,0.0303693,0.59349,0,2,logistic
0.93505,0.271875,0.698708,0.689197,0.728125,1,0.895833,0.886598,0.891192,10,11,0.839506,0.717949,0.692308,0.729167,0.65625,0.5,0.981399,0.962878,0.0497253,0.635451,1,2,logistic
0.93454,0.26875,0.717159,0.72379,0.74375,0.9875,0.947917,0.892157,0.919192,5,11,0.901235,0.717949,0.692308,0.6875,0.59375,0.75,0.991676,0.984865,0.0354971,0.631466,2,2,logistic
0.943016,0.25,0.737294,0.740676,0.753125,0.996875,0.916667,0.888889,0.902564,8,11,0.925,0.683544,0.707692,0.680851,0.69697,0.75,0.986375,0.966455,0.0424326,0.604165,3,2,logistic
0.933952,0.296875,0.687307,0.704434,0.70625,0.996875,0.907216,0.897959,0.902564,9,10,0.825,0.696203,0.703125,0.574468,0.545455,0.882353,0.988997,0.975992,0.0388248,0.666562,4,2,logistic
0.947852,0.225,0.762465,0.76908,0.778125,0.996875,0.875,0.903226,0.888889,12,9,0.876543,0.78481,0.765625,0.625,0.75,0.8125,0.9867,0.972231,0.0488763,0.525762,0,0,ordered_logit
0.958512,0.18125,0.80464,0.801354,0.81875,1,0.958333,0.958333,0.958333,4,4,0.901235,0.871795,0.753846,0.75,0.71875,0.8125,0.995908,0.991596,0.0209247,0.489075,1,0,ordered_logit
0.949438,0.225,0.772896,0.776487,0.775,1,0.947917,0.892157,0.919192,5,11,0.888889,0.692308,0.692308,0.791667,0.84375,0.75,0.993676,0.985759,0.0313547,0.527307,2,0,ordered_logit
0.954652,0.196875,0.809437,0.816458,0.80625,0.996875,0.958333,0.901961,0.929293,4,10,0.9375,0.746835,0.723077,0.765957,0.787879,0.9375,0.994978,0.989963,0.0304121,0.484266,3,0,ordered_logit
0.950835,0.21875,0.775682,0.78475,0.78125,1,0.896907,0.925532,0.910995,10,7,0.9125,0.746835,0.75,0.723404,0.575758,1,0.988489,0.977546,0.0374482,0.499424,4,0,ordered_logit
0.955954,0.2,0.787112,0.801467,0.8,1,0.916667,0.946237,0.931217,8,5,0.901235,0.772152,0.8125,0.666667,0.71875,0.9375,0.993211,0.986355,0.0289069,0.474915,0,1,ordered_logit
0.952586,0.20625,0.800189,0.801936,0.79375,1,0.96875,0.911765,0.939394,3,9,0.82716,0.75641,0.738462,0.833333,0.84375,0.8125,0.992932,0.984052,0.031407,0.480401,1,1,ordered_logit
0.949008,0.225,0.756651,0.759206,0.775,1,0.90625,0.925532,0.915789,9,7,0.888889,0.782051,0.738462,0.708333,0.625,0.8125,0.992188,0.981849,0.0345367,0.537943,2,1,ordered_logit
0.951748,0.196875,0.80439,0.801698,0.809375,0.99375,0.916667,0.956522,0.93617,8,4,0.925,0.721519,0.815385,0.808511,0.727273,0.8125,0.992467,0.986038,0.0279923,0.509192,3,1,ordered_logit
0.958804,0.1875,0.82232,0.829439,0.8125,1,0.958763,0.902913,0.93,4,10,0.925,0.78481,0.671875,0.744681,0.909091,0.941176,0.994036,0.987817,0.032644,0.471965,4,1,ordered_logit
0.959626,0.175,0.81435,0.811763,0.825,1,0.958333,0.948454,0.953368,4,5,0.901235,0.797468,0.828125,0.8125,0.71875,0.8125,0.996047,0.991237,0.0235648,0.441797,0,2,ordered_logit
0.94775,0.225,0.78457,0.78439,0.775,1,0.90625,0.878788,0.892308,9,12,0.851852,0.75641,0.723077,0.75,0.6875,0.9375,0.987398,0.973172,0.0452292,0.493611,1,2,ordered_logit
0.955494,0.2,0.794881,0.803386,0.8,1,0.958333,0.901961,0.929293,4,10,0.925926,0.717949,0.707692,0.8125,0.84375,0.8125,0.994001,0.988747,0.0279739,0.507375,2,2,ordered_logit
0.962317,0.16875,0.817727,0.821894,0.83125,1,0.958333,0.92,0.938776,4,8,0.9625,0.810127,0.769231,0.787234,0.727273,0.875,0.992141,0.982012,0.0338503,0.487119,3,2,ordered_logit
0.952559,0.21875,0.78642,0.802073,0.78125,1,0.927835,0.957447,0.942408,7,4,0.8625,0.746835,0.734375,0.680851,0.787879,1,0.995238,0.990054,0.0247921,0.508762,4,2,ordered_logit
0.945284,0.225,0.767933,0.765113,0.78125,0.99375,0.864583,0.892473,0.878307,13,10,0.876543,0.797468,0.75,0.666667,0.75,0.75,0.983491,0.957138,0.0541895,0.711541,0,0,frank_hall
0.958289,0.178125,0.802294,0.804825,0.825,0.996875,0.96875,0.958763,0.963731,3,4,0.888889,0.884615,0.784615,0.770833,0.6875,0.8125,0.995815,0.990551,0.0214715,0.556039,1,0,frank_hall
0.943131,0.253125,0.736196,0.746898,0.75,0.996875,0.854167,0.911111,0.88172,14,8,0.950617,0.641026,0.723077,0.604167,0.75,0.8125,0.988979,0.975845,0.0465056,0.786922,2,0,frank_hall
0.953774,0.203125,0.805435,0.813816,0.8,0.996875,0.958333,0.884615,0.92,4,12,0.9375,0.746835,0.676923,0.765957,0.818182,0.9375,0.991304,0.98033,0.0394417,0.592871,3,0,frank_hall
0.955932,0.196875,0.805868,0.807843,0.803125,1,0.927835,0.957447,0.942408,7,4,0.9375,0.734177,0.75,0.787234,0.69697,0.941176,0.988905,0.980481,0.0315469,0.599657,4,0,frank_hall
0.950052,0.221875,0.767434,0.783732,0.78125,0.996875,0.916667,0.926316,0.921466,8,7,0.901235,0.759494,0.71875,0.729167,0.65625,0.9375,0.988142,0.978571,0.0379842,0.755362,0,1,frank_hall
0.951044,0.20625,0.80606,0.804879,0.796875,0.996875,0.927083,0.89899,0.912821,7,10,0.888889,0.74359,0.738462,0.770833,0.8125,0.875,0.993443,0.984569,0.0315725,0.535162,1,1,frank_hall
0.952057,0.209375,0.787463,0.785674,0.790625,1,0.895833,0.955556,0.924731,10,4,0.876543,0.782051,0.784615,0.708333,0.6875,0.875,0.993071,0.983416,0.0314911,0.649598,2,1,frank_hall
0.955655,0.184375,0.810185,0.81243,0.821875,0.99375,0.916667,0.946237,0.931217,8,5,0.9875,0.721519,0.815385,0.808511,0.666667,0.875,0.990653,0.983017,0.0340784,0.648392,3,1,frank_hall
0.954825,0.209375,0.772095,0.781763,0.790625,1,0.927835,0.891089,0.909091,7,11,0.9625,0.797468,0.671875,0.617021,0.818182,0.823529,0.989598,0.978887,0.0436383,0.602411,4,1,frank_hall
0.951356,0.2,0.806568,0.8,0.80625,0.99375,0.885417,0.944444,0.913978,11,5,0.925926,0.759494,0.78125,0.708333,0.8125,0.8125,0.993025,0.98469,0.0347469,0.575109,0,2,frank_hall
0.951781,0.209375,0.805067,0.804638,0.790625,1,0.9375,0.873786,0.904523,6,13,0.876543,0.74359,0.707692,0.8125,0.75,0.9375,0.98577,0.970395,0.0472401,0.566367,1,2,frank_hall
0.950643,0.221875,0.769989,0.77657,0.778125,1,0.9375,0.891089,0.913706,6,11,0.925926,0.74359,0.646154,0.75,0.78125,0.8125,0.991862,0.983349,0.0337159,0.614401,2,2,frank_hall
0.963637,0.1625,0.814369,0.821094,0.8375,1,0.9375,0.947368,0.942408,6,5,0.95,0.822785,0.846154,0.765957,0.666667,0.875,0.994327,0.986677,0.0287293,0.617044,3,2,frank_hall
0.95273,0.2125,0.787586,0.80253,0.790625,0.996875,0.907216,0.956522,0.931217,9,4,0.9125,0.746835,0.78125,0.617021,0.757576,1,0.99325,0.985427,0.0328348,0.71162,4,2,frank_hall
0.945873,0.228125,0.765232,0.773212,0.778125,0.99375,0.864583,0.85567,0.860104,13,14,0.925926,0.734177,0.75,0.666667,0.6875,0.875,0.983631,0.962187,0.0492466,0.586674,0,0,regression_threshold
0.950946,0.2125,0.777928,0.78701,0.790625,0.996875,0.96875,0.911765,0.939394,3,9,0.888889,0.833333,0.676923,0.791667,0.59375,0.9375,0.994466,0.988102,0.0300144,0.550231,1,0,regression_threshold
0.945103,0.246875,0.746688,0.758224,0.75625,0.996875,0.895833,0.886598,0.891192,10,11,0.962963,0.628205,0.676923,0.6875,0.78125,0.8125,0.987258,0.973033,0.0466204,0.57383,2,0,regression_threshold
0.947158,0.234375,0.783786,0.795686,0.76875,0.996875,0.979167,0.846847,0.908213,2,17,0.925,0.620253,0.676923,0.765957,0.848485,0.9375,0.993257,0.985717,0.0408424,0.552489,3,0,regression_threshold
0.950494,0.228125,0.776893,0.78999,0.771875,1,0.927835,0.918367,0.923077,7,8,0.95,0.632911,0.703125,0.787234,0.666667,1,0.988073,0.977548,0.0386944,0.548582,4,0,regression_threshold
0.947601,0.234375,0.753276,0.771058,0.76875,0.996875,0.90625,0.925532,0.915789,9,7,0.876543,0.734177,0.734375,0.75,0.59375,0.9375,0.989351,0.979128,0.036563,0.556672,0,1,regression_threshold
0.949412,0.215625,0.786349,0.786105,0.7875,0.996875,0.96875,0.894231,0.93,3,11,0.925926,0.641026,0.753846,0.833333,0.8125,0.75,0.992327,0.98102,0.0348668,0.545132,1,1,regression_threshold
0.948936,0.225,0.777901,0.776859,0.775,1,0.895833,0.934783,0.914894,10,6,0.864198,0.75641,0.738462,0.708333,0.71875,0.875,0.991304,0.979967,0.0346405,0.532813,2,1,regression_threshold
0.950568,0.20625,0.793509,0.795438,0.8,0.99375,0.90625,0.925532,0.915789,9,7,0.9625,0.708861,0.784615,0.744681,0.69697,0.875,0.988746,0.978714,0.036991,0.553465,3,1,regression_threshold
0.954006,0.2125,0.76796,0.78369,0.7875,1,0.938144,0.858491,0.896552,6,15,0.925,0.873418,0.59375,0.702128,0.666667,0.941176,0.989644,0.979813,0.0420044,0.531252,4,1,regression_threshold
0.954609,0.19375,0.809695,0.806129,0.809375,0.996875,0.927083,0.946809,0.936842,7,5,0.91358,0.772152,0.765625,0.729167,0.84375,0.8125,0.994094,0.986388,0.0305037,0.538865,0,2,regression_threshold
0.948608,0.225,0.784975,0.793071,0.775,1,0.90625,0.878788,0.892308,9,12,0.864198,0.74359,0.692308,0.770833,0.6875,1,0.98191,0.960017,0.0488033,0.54338,1,2,regression_threshold
0.950858,0.221875,0.773094,0.793906,0.78125,0.996875,0.979167,0.87037,0.921569,2,14,0.950617,0.666667,0.646154,0.875,0.6875,0.9375,0.992281,0.983906,0.0361846,0.575049,2,2,regression_threshold
0.951926,0.2125,0.761223,0.773131,0.790625,0.996875,0.895833,0.934783,0.914894,10,6,0.95,0.78481,0.784615,0.638298,0.606061,0.875,0.991815,0.981411,0.0362083,0.543119,3,2,regression_threshold
0.949652,0.23125,0.772606,0.781738,0.76875,1,0.896907,0.925532,0.910995,10,7,0.9,0.683544,0.75,0.595745,0.878788,0.882353,0.992742,0.984411,0.0331054,0.550004,4,2,regression_threshold
0.943526,0.228125,0.741828,0.734132,0.778125,0.99375,0.84375,0.910112,0.875676,15,8,0.901235,0.78481,0.8125,0.625,0.71875,0.5625,0.986142,0.969182,0.0479898,0.650225,0,0,random_forest
0.956204,0.18125,0.776293,0.768904,0.821875,0.996875,0.947917,0.978495,0.962963,5,2,0.925926,0.897436,0.769231,0.833333,0.5625,0.625,0.996512,0.991778,0.0302798,0.634452,1,0,random_forest
0.949876,0.221875,0.78067,0.780763,0.778125,1,0.875,0.94382,0.908108,12,5,0.925926,0.692308,0.753846,0.625,0.875,0.8125,0.991257,0.980984,0.0423477,0.667623,2,0,random_forest
0.954143,0.196875,0.800388,0.797372,0.80625,0.996875,0.958333,0.929293,0.94359,4,7,0.925,0.746835,0.769231,0.744681,0.848485,0.75,0.992141,0.983525,0.0390249,0.651878,3,0,random_forest
0.953761,0.203125,0.792801,0.786425,0.796875,1,0.896907,0.935484,0.915789,10,6,0.9125,0.797468,0.734375,0.723404,0.727273,0.823529,0.985761,0.975661,0.0447455,0.64024,4,0,random_forest
0.950979,0.20625,0.784442,0.787554,0.8,0.99375,0.90625,0.915789,0.910995,9,8,0.938272,0.797468,0.71875,0.708333,0.75,0.8125,0.988281,0.978514,0.0407912,0.663705,0,1,random_forest
0.947902,0.2125,0.799196,0.794247,0.79375,0.99375,0.927083,0.927083,0.927083,7,7,0.864198,0.730769,0.753846,0.791667,0.875,0.75,0.992606,0.983082,0.0399006,0.640261,1,1,random_forest
0.946774,0.221875,0.774381,0.765,0.78125,0.996875,0.90625,0.966667,0.935484,9,3,0.864198,0.794872,0.753846,0.708333,0.71875,0.75,0.99442,0.986433,0.0374631,0.66177,2,1,random_forest
0.957237,0.178125,0.794777,0.789003,0.825,0.996875,0.90625,0.988636,0.945652,9,1,0.9625,0.746835,0.892308,0.808511,0.636364,0.6875,0.989676,0.980955,0.0424573,0.640042,3,1,random_forest
0.957216,0.190625,0.797546,0.791062,0.809375,1,0.917526,0.946809,0.931937,8,5,0.9625,0.78481,0.765625,0.680851,0.787879,0.764706,0.992927,0.984981,0.0362878,0.615804,4,1,random_forest
0.958946,0.178125,0.827451,0.818603,0.821875,1,0.90625,0.956044,0.930481,9,4,0.925926,0.772152,0.796875,0.729167,0.875,0.8125,0.994838,0.988336,0.0382453,0.647852,0,2,random_forest
0.953938,0.19375,0.80039,0.789199,0.80625,1,0.916667,0.897959,0.907216,8,10,0.864198,0.820513,0.769231,0.8125,0.71875,0.75,0.985584,0.969956,0.0471918,0.641847,1,2,random_forest
0.955367,0.190625,0.81097,0.80921,0.8125,0.996875,0.947917,0.938144,0.943005,5,6,0.938272,0.75641,0.723077,0.8125,0.8125,0.8125,0.992606,0.986116,0.0379348,0.640345,2,2,random_forest
0.959335,0.171875,0.817864,0.812109,0.83125,0.996875,0.947917,0.947917,0.947917,5,5,0.95,0.835443,0.769231,0.808511,0.69697,0.8125,0.992234,0.98278,0.0381664,0.628361,3,2,random_forest
0.952413,0.2125,0.77528,0.77925,0.7875,1,0.886598,0.977273,0.92973,11,2,0.8875,0.78481,0.828125,0.595745,0.69697,0.882353,0.993666,0.986239,0.0364054,0.66074,4,2,random_forest
0.944702,0.228125,0.769211,0.765182,0.778125,0.99375,0.875,0.913043,0.893617,12,8,0.888889,0.759494,0.734375,0.708333,0.75,0.75,0.979306,0.955002,0.0578828,0.777744,0,0,hist_gb
0.95702,0.175,0.808957,0.805976,0.83125,0.99375,0.958333,0.958333,0.958333,4,4,0.91358,0.871795,0.769231,0.8125,0.71875,0.75,0.992792,0.984092,0.0205314,0.580082,1,0,hist_gb
0.943416,0.253125,0.734333,0.74038,0.746875,1,0.84375,0.931034,0.885246,15,6,0.938272,0.641026,0.769231,0.5625,0.71875,0.8125,0.986375,0.968364,0.0478402,0.856199,2,0,hist_gb
0.949943,0.215625,0.794564,0.799074,0.7875,0.996875,0.9375,0.891089,0.913706,6,11,0.8875,0.759494,0.707692,0.744681,0.757576,0.9375,0.989909,0.978406,0.0442287,0.665255,3,0,hist_gb
0.946643,0.228125,0.770639,0.766717,0.775,0.996875,0.896907,0.935484,0.915789,10,6,0.9125,0.734177,0.71875,0.744681,0.666667,0.823529,0.984698,0.976369,0.0342007,0.702232,4,0,hist_gb
0.947222,0.225,0.774773,0.786337,0.78125,0.99375,0.895833,0.934783,0.914894,10,6,0.901235,0.759494,0.703125,0.729167,0.6875,0.9375,0.986375,0.973418,0.044048,0.778932,0,1,hist_gb
0.950183,0.20625,0.797389,0.790667,0.796875,0.996875,0.947917,0.957895,0.95288,5,4,0.851852,0.769231,0.8,0.791667,0.71875,0.8125,0.993071,0.984917,0.028463,0.663663,1,1,hist_gb
0.953321,0.203125,0.794507,0.793204,0.796875,1,0.916667,0.956522,0.93617,8,4,0.851852,0.794872,0.8,0.75,0.6875,0.875,0.993397,0.983607,0.0325938,0.741256,2,1,hist_gb
0.95137,0.203125,0.78841,0.778756,0.8,0.996875,0.895833,0.955556,0.924731,10,4,0.9625,0.721519,0.784615,0.787234,0.666667,0.75,0.987119,0.977949,0.0354482,0.669567,3,1,hist_gb
0.951748,0.21875,0.756457,0.759088,0.78125,1,0.917526,0.89899,0.908163,8,10,0.9375,0.797468,0.6875,0.638298,0.787879,0.705882,0.988859,0.97416,0.0427311,0.673681,4,1,hist_gb
0.947656,0.209375,0.799501,0.784279,0.796875,0.99375,0.875,0.954545,0.913043,12,4,0.888889,0.759494,0.796875,0.729167,0.78125,0.75,0.992141,0.983209,0.0373877,0.668895,0,2,hist_gb
0.955196,0.190625,0.824664,0.816924,0.809375,1,0.90625,0.90625,0.90625,9,9,0.876543,0.782051,0.784615,0.770833,0.75,0.9375,0.980794,0.959067,0.0471455,0.623996,1,2,hist_gb
0.945098,0.240625,0.739702,0.737652,0.759375,1,0.916667,0.907216,0.911917,8,9,0.901235,0.74359,0.676923,0.729167,0.6875,0.6875,0.988886,0.978938,0.0407933,0.688947,2,2,hist_gb
0.955654,0.190625,0.792726,0.791814,0.8125,0.996875,0.916667,0.916667,0.916667,8,8,0.95,0.835443,0.753846,0.702128,0.69697,0.8125,0.993955,0.985571,0.0326259,0.569093,3,2,hist_gb
0.95727,0.19375,0.80564,0.812114,0.80625,1,0.907216,0.967033,0.93617,9,3,0.925,0.772152,0.765625,0.680851,0.787879,0.941176,0.990107,0.977125,0.0354156,0.72208,4,2,hist_gb
0.950414,0.203125,0.78914,0.789688,0.803125,0.99375,0.875,0.923077,0.898396,12,7,0.901235,0.78481,0.8125,0.708333,0.71875,0.8125,0.98377,0.966003,0.0492311,0.587707,0,0,xgboost
0.95763,0.178125,0.8016,0.797802,0.825,0.996875,0.958333,0.968421,0.963351,4,3,0.901235,0.871795,0.784615,0.791667,0.6875,0.75,0.993397,0.983425,0.0206004,0.50778,1,0,xgboost
0.943376,0.253125,0.744852,0.750181,0.746875,1,0.875,0.933333,0.903226,12,6,0.925926,0.602564,0.753846,0.625,0.78125,0.8125,0.989072,0.975485,0.0413916,0.678679,2,0,xgboost
0.950666,0.2125,0.797648,0.802092,0.790625,0.996875,0.9375,0.9,0.918367,6,10,0.8875,0.746835,0.738462,0.744681,0.757576,0.9375,0.990467,0.980089,0.0381001,0.52476,3,0,xgboost
0.950912,0.215625,0.786143,0.780364,0.784375,1,0.907216,0.926316,0.916667,9,7,0.9125,0.734177,0.71875,0.765957,0.727273,0.823529,0.986686,0.977624,0.034871,0.566218,4,0,xgboost
0.942738,0.240625,0.752241,0.767119,0.76875,0.990625,0.875,0.923077,0.898396,12,7,0.901235,0.78481,0.71875,0.604167,0.65625,0.9375,0.984282,0.971603,0.0455074,0.651949,0,1,xgboost
0.949275,0.2125,0.78766,0.787301,0.790625,0.996875,0.947917,0.947917,0.947917,5,5,0.851852,0.74359,0.784615,0.8125,0.71875,0.8125,0.994466,0.987296,0.027096,0.516862,1,1,xgboost
0.95546,0.19375,0.807043,0.803942,0.80625,1,0.927083,0.946809,0.936842,7,5,0.864198,0.794872,0.8,0.770833,0.71875,0.875,0.994373,0.987214,0.0281221,0.605971,2,1,xgboost
0.949174,0.2125,0.77653,0.766105,0.790625,0.996875,0.895833,0.966292,0.92973,10,3,0.95,0.696203,0.8,0.765957,0.69697,0.6875,0.987491,0.978407,0.0344924,0.555537,3,1,xgboost
0.954535,0.20625,0.775498,0.77953,0.79375,1,0.927835,0.891089,0.909091,7,11,0.9375,0.797468,0.6875,0.702128,0.787879,0.764706,0.989691,0.97654,0.0394943,0.534296,4,1,xgboost
0.94399,0.225,0.783005,0.767412,0.78125,0.99375,0.895833,0.955556,0.924731,10,4,0.888889,0.746835,0.75,0.75,0.71875,0.75,0.992978,0.985012,0.0325865,0.570692,0,2,xgboost
0.951327,0.2,0.823691,0.816387,0.803125,0.996875,0.90625,0.915789,0.910995,9,8,0.839506,0.769231,0.8,0.770833,0.78125,0.9375,0.982422,0.966341,0.0438356,0.535213,1,2,xgboost
0.947703,0.225,0.774275,0.775926,0.778125,0.996875,0.9375,0.891089,0.913706,6,11,0.888889,0.75641,0.676923,0.770833,0.75,0.8125,0.989955,0.981511,0.0346721,0.578148,2,2,xgboost
0.960431,0.171875,0.81377,0.823364,0.83125,0.996875,0.9375,0.927835,0.932642,6,7,0.95,0.835443,0.784615,0.765957,0.666667,0.9375,0.992094,0.979459,0.030577,0.476891,3,2,xgboost
0.955095,0.203125,0.784942,0.790846,0.796875,1,0.896907,0.977528,0.935484,10,2,0.9125,0.772152,0.8125,0.638298,0.727273,0.882353,0.992418,0.983729,0.0305781,0.565913,4,2,xgboost
0.945393,0.215625,0.777128,0.770217,0.79375,0.990625,0.864583,0.922222,0.892473,13,7,0.901235,0.772152,0.78125,0.729167,0.75,0.6875,0.982375,0.959814,0.0552235,0.697358,0,0,lightgbm
0.956647,0.18125,0.803241,0.796573,0.821875,0.996875,0.958333,0.958333,0.958333,4,4,0.901235,0.858974,0.769231,0.8125,0.6875,0.75,0.992327,0.98079,0.0204359,0.562046,1,0,lightgbm
0.943416,0.253125,0.741645,0.748365,0.746875,1,0.864583,0.932584,0.897297,13,6,0.925926,0.602564,0.784615,0.583333,0.78125,0.8125,0.989397,0.975453,0.04239,0.829744,2,0,lightgbm
0.95293,0.203125,0.808208,0.813273,0.8,0.996875,0.947917,0.90099,0.923858,5,10,0.9125,0.746835,0.707692,0.787234,0.787879,0.9375,0.988886,0.976878,0.0412591,0.653796,3,0,lightgbm
0.950949,0.215625,0.785804,0.779943,0.784375,1,0.907216,0.946237,0.926316,9,5,0.9,0.734177,0.75,0.744681,0.727273,0.823529,0.985021,0.975785,0.0359977,0.687268,4,0,lightgbm
0.950138,0.21875,0.769537,0.782571,0.784375,0.996875,0.895833,0.934783,0.914894,10,6,0.91358,0.797468,0.703125,0.6875,0.65625,0.9375,0.984328,0.970958,0.0451194,0.753737,0,1,lightgbm
0.948461,0.2125,0.787757,0.789627,0.79375,0.99375,0.9375,0.957447,0.947368,6,4,0.876543,0.717949,0.830769,0.75,0.75,0.8125,0.993118,0.984591,0.0274138,0.602506,1,1,lightgbm
0.949275,0.21875,0.777429,0.772477,0.78125,1,0.895833,0.955556,0.924731,10,4,0.851852,0.769231,0.784615,0.729167,0.6875,0.8125,0.993676,0.985354,0.0307684,0.739716,2,1,lightgbm
0.951193,0.2,0.786008,0.779019,0.80625,0.99375,0.90625,0.945652,0.925532,9,5,0.975,0.721519,0.784615,0.808511,0.69697,0.6875,0.986375,0.976613,0.0370897,0.658715,3,1,lightgbm
0.955298,0.203125,0.781762,0.785523,0.796875,1,0.948454,0.884615,0.915423,5,12,0.9375,0.797468,0.671875,0.723404,0.818182,0.764706,0.989044,0.973603,0.0425677,0.648662,4,1,lightgbm
0.944787,0.221875,0.784097,0.768723,0.784375,0.99375,0.875,0.965517,0.918033,12,3,0.901235,0.721519,0.8125,0.708333,0.71875,0.75,0.993722,0.986531,0.0348988,0.670159,0,2,lightgbm
0.953045,0.2,0.822742,0.816388,0.8,1,0.90625,0.90625,0.90625,9,9,0.851852,0.75641,0.769231,0.770833,0.8125,0.9375,0.982329,0.965527,0.0456273,0.623001,1,2,lightgbm
0.945946,0.23125,0.7638,0.762813,0.771875,0.996875,0.927083,0.908163,0.917526,7,9,0.901235,0.717949,0.707692,0.75,0.75,0.75,0.989444,0.981079,0.0359332,0.662572,2,2,lightgbm
0.962135,0.171875,0.808154,0.820277,0.828125,1,0.947917,0.91,0.928571,5,9,0.95,0.835443,0.753846,0.808511,0.636364,0.9375,0.992188,0.980668,0.0310295,0.557559,3,2,lightgbm
0.954172,0.20625,0.792035,0.79641,0.79375,1,0.896907,0.977528,0.935484,10,2,0.9,0.78481,0.765625,0.659574,0.727273,0.941176,0.990662,0.978159,0.0329346,0.716245,4,2,lightgbm
0.952857,0.2,0.780823,0.780219,0.803125,0.996875,0.864583,0.892473,0.878307,13,10,0.91358,0.835443,0.765625,0.666667,0.75,0.75,0.986328,0.971624,0.0481633,0.513505,0,0,stacked
0.963349,0.159375,0.819233,0.812655,0.840625,1,0.96875,0.978947,0.973822,3,2,0.938272,0.871795,0.784615,0.8125,0.71875,0.75,0.996047,0.9919,0.016917,0.452001,1,0,stacked
0.950436,0.221875,0.773147,0.779962,0.778125,1,0.916667,0.916667,0.916667,8,8,0.925926,0.666667,0.753846,0.708333,0.8125,0.8125,0.993583,0.985372,0.0337748,0.537525,2,0,stacked
0.953451,0.2,0.814268,0.817342,0.803125,0.996875,0.947917,0.90099,0.923858,5,10,0.9125,0.746835,0.723077,0.765957,0.818182,0.9375,0.993257,0.985155,0.0325807,0.490752,3,0,stacked
0.953329,0.20625,0.793003,0.790947,0.79375,1,0.896907,0.945652,0.920635,10,5,0.9375,0.734177,0.75,0.744681,0.69697,0.882353,0.99043,0.982191,0.0343397,0.493893,4,0,stacked
0.956914,0.19375,0.798028,0.808612,0.80625,1,0.90625,0.935484,0.920635,9,6,0.91358,0.797468,0.765625,0.6875,0.75,0.9375,0.98963,0.979931,0.0376981,0.499417,0,1,stacked
0.956364,0.1875,0.821204,0.818017,0.8125,1,0.958333,0.938776,0.948454,4,6,0.851852,0.782051,0.784615,0.833333,0.78125,0.875,0.993629,0.984941,0.0265375,0.477242,1,1,stacked
0.952813,0.203125,0.786783,0.779637,0.796875,1,0.916667,0.93617,0.926316,8,6,0.864198,0.794872,0.8,0.75,0.71875,0.75,0.993955,0.985662,0.0313615,0.523102,2,1,stacked
0.951821,0.196875,0.801641,0.798177,0.809375,0.99375,0.895833,0.955556,0.924731,10,4,0.95,0.696203,0.846154,0.787234,0.69697,0.8125,0.992281,0.985,0.029201,0.491171,3,1,stacked
0.957994,0.190625,0.796891,0.801093,0.809375,1,0.958763,0.894231,0.925373,4,11,0.9375,0.835443,0.65625,0.765957,0.787879,0.823529,0.993528,0.987337,0.0320137,0.47004,4,1,stacked
0.957947,0.178125,0.816396,0.802761,0.821875,1,0.927083,0.978022,0.951872,7,2,0.888889,0.797468,0.859375,0.770833,0.75,0.75,0.996187,0.991546,0.024457,0.472719,0,2,stacked
0.950717,0.209375,0.808841,0.804927,0.790625,1,0.927083,0.89899,0.912821,7,10,0.82716,0.74359,0.769231,0.833333,0.71875,0.9375,0.986747,0.973316,0.0415758,0.496703,1,2,stacked
0.959126,0.18125,0.810001,0.810544,0.81875,1,0.958333,0.938776,0.948454,4,6,0.925926,0.75641,0.753846,0.833333,0.84375,0.75,0.994094,0.9894,0.0263969,0.501308,2,2,stacked
0.960813,0.175,0.806568,0.811365,0.825,1,0.947917,0.919192,0.933333,5,8,0.95,0.835443,0.753846,0.787234,0.666667,0.875,0.993071,0.983692,0.0327859,0.45972,3,2,stacked
0.960046,0.18125,0.825463,0.836212,0.81875,1,0.907216,0.967033,0.93617,9,3,0.875,0.78481,0.828125,0.680851,0.848485,1,0.995469,0.990174,0.0255055,0.491125,4,2,stacked
